n-votes,n-comments,n-visitors,n-voters,n-commenters
0,0,1,0,0
0,1,1,0,1
1,1,1,1,1
1,2,1,1,2
2,2,1,2,2
2,3,1,2,3
3,3,1,3,3
3,4,1,3,4
4,4,1,4,4
4,5,1,4,5
5,5,1,5,5
5,6,1,5,6
6,6,1,6,6
6,7,1,6,7
7,7,1,7,7
7,8,1,7,8
8,8,1,8,8
8,9,1,8,9
9,9,1,9,9
9,10,1,9,10
10,10,1,10,10
10,11,1,10,11
11,11,1,11,11
11,12,1,11,12
12,12,1,12,12
12,13,1,12,13
13,13,1,13,13
13,14,1,13,14
14,14,1,14,14
14,15,1,14,15
15,15,1,15,15
15,16,1,15,16
16,16,1,16,16
16,17,1,16,17
17,17,1,17,17
17,18,1,17,18
18,18,1,18,18
18,19,1,18,19
19,19,1,19,19
19,20,1,19,20
20,20,1,20,20
20,21,1,20,21
21,21,1,21,21
21,22,1,21,22
22,22,1,22,22
22,23,1,22,23
23,23,1,23,23
23,24,1,23,24
24,24,1,24,24
24,25,1,24,25
25,25,1,25,25
25,26,1,25,26
26,26,1,26,26
26,27,1,26,27
27,27,1,27,27
27,28,1,27,28
28,28,1,28,28
28,29,1,28,29
29,29,1,29,29
29,30,1,29,30
30,30,1,30,30
30,31,1,30,31
31,31,1,31,31
31,32,1,31,32
32,32,1,32,32
32,33,1,32,33
33,33,1,33,33
33,34,1,33,34
34,34,1,34,34
34,34,2,34,34
35,34,2,35,34
36,34,2,36,34
37,34,2,37,34
38,34,2,38,34
39,34,2,39,34
40,34,2,40,34
41,34,2,41,34
42,34,2,42,34
43,34,2,43,34
44,34,2,44,34
45,34,2,45,34
46,34,2,46,34
47,34,2,47,34
48,34,2,48,34
49,34,2,49,34
50,34,2,50,34
51,34,2,51,34
52,34,2,52,34
53,34,2,53,34
54,34,2,54,34
55,34,2,55,34
56,34,2,56,34
57,34,2,57,34
58,34,2,58,34
59,34,2,59,34
60,34,2,60,34
61,34,2,61,34
62,34,2,62,34
63,34,2,63,34
64,34,2,64,34
65,34,2,65,34
66,34,2,66,34
67,34,2,67,34
68,34,2,68,34
68,34,3,68,34
69,34,3,69,34
70,34,3,70,34
71,34,3,71,34
72,34,3,72,34
73,34,3,73,34
74,34,3,74,34
75,34,3,75,34
76,34,3,76,34
77,34,3,77,34
78,34,3,78,34
79,34,3,79,34
80,34,3,80,34
81,34,3,81,34
82,34,3,82,34
83,34,3,83,34
83,34,4,83,34
84,34,4,84,34
85,34,4,85,34
86,34,4,86,34
87,34,4,87,34
88,34,4,88,34
89,34,4,89,34
90,34,4,90,34
91,34,4,91,34
92,34,4,92,34
93,34,4,93,34
94,34,4,94,34
95,34,4,95,34
96,34,4,96,34
97,34,4,97,34
98,34,4,98,34
99,34,4,99,34
100,34,4,100,34
101,34,4,101,34
102,34,4,102,34
103,34,4,103,34
104,34,4,104,34
105,34,4,105,34
106,34,4,106,34
107,34,4,107,34
108,34,4,108,34
109,34,4,109,34
110,34,4,110,34
111,34,4,111,34
112,34,4,112,34
113,34,4,113,34
114,34,4,114,34
115,34,4,115,34
116,34,4,116,34
117,34,4,117,34
118,34,4,118,34
119,34,4,119,34
119,34,5,119,34
120,34,5,120,34
121,34,5,121,34
122,34,5,122,34
123,34,5,123,34
124,34,5,124,34
125,34,5,125,34
126,34,5,126,34
127,34,5,127,34
128,34,5,128,34
129,34,5,129,34
130,34,5,130,34
131,34,5,131,34
132,34,5,132,34
133,34,5,133,34
134,34,5,134,34
135,34,5,135,34
136,34,5,136,34
137,34,5,137,34
138,34,5,138,34
139,34,5,139,34
140,34,5,140,34
141,34,5,141,34
142,34,5,142,34
143,34,5,143,34
144,34,5,144,34
145,34,5,145,34
146,34,5,146,34
147,34,5,147,34
148,34,5,148,34
149,34,5,149,34
150,34,5,150,34
151,34,5,151,34
152,34,5,152,34
153,34,5,153,34
153,34,6,153,34
154,34,6,154,34
155,34,6,155,34
156,34,6,156,34
157,34,6,157,34
158,34,6,158,34
159,34,6,159,34
160,34,6,160,34
161,34,6,161,34
162,34,6,162,34
163,34,6,163,34
164,34,6,164,34
165,34,6,165,34
166,34,6,166,34
167,34,6,167,34
168,34,6,168,34
169,34,6,169,34
170,34,6,170,34
171,34,6,171,34
172,34,6,172,34
173,34,6,173,34
174,34,6,174,34
175,34,6,175,34
176,34,6,176,34
177,34,6,177,34
178,34,6,178,34
179,34,6,179,34
180,34,6,180,34
181,34,6,181,34
182,34,6,182,34
183,34,6,183,34
184,34,6,184,34
185,34,6,185,34
186,34,6,186,34
187,34,6,187,34
187,34,7,187,34
188,34,7,188,34
189,34,7,189,34
190,34,7,190,34
191,34,7,191,34
192,34,7,192,34
193,34,7,193,34
194,34,7,194,34
195,34,7,195,34
196,34,7,196,34
197,34,7,197,34
198,34,7,198,34
198,34,8,198,34
199,34,8,199,34
200,34,8,200,34
201,34,8,201,34
202,34,8,202,34
203,34,8,203,34
204,34,8,204,34
205,34,8,205,34
206,34,8,206,34
207,34,8,207,34
208,34,8,208,34
209,34,8,209,34
210,34,8,210,34
211,34,8,211,34
212,34,8,212,34
213,34,8,213,34
214,34,8,214,34
215,34,8,215,34
216,34,8,216,34
217,34,8,217,34
218,34,8,218,34
219,34,8,219,34
220,34,8,220,34
221,34,8,221,34
222,34,8,222,34
223,34,8,223,34
224,34,8,224,34
225,34,8,225,34
226,34,8,226,34
227,34,8,227,34
228,34,8,228,34
229,34,8,229,34
230,34,8,230,34
231,34,8,231,34
232,34,8,232,34
232,34,9,232,34
233,34,9,233,34
234,34,9,234,34
235,34,9,235,34
236,34,9,236,34
237,34,9,237,34
238,34,9,238,34
239,34,9,239,34
240,34,9,240,34
241,34,9,241,34
242,34,9,242,34
243,34,9,243,34
244,34,9,244,34
245,34,9,245,34
246,34,9,246,34
247,34,9,247,34
248,34,9,248,34
249,34,9,249,34
250,34,9,250,34
251,34,9,251,34
252,34,9,252,34
253,34,9,253,34
254,34,9,254,34
255,34,9,255,34
256,34,9,256,34
257,34,9,257,34
258,34,9,258,34
259,34,9,259,34
260,34,9,260,34
261,34,9,261,34
262,34,9,262,34
263,34,9,263,34
264,34,9,264,34
265,34,9,265,34
266,34,9,266,34
266,34,10,266,34
267,34,10,267,34
268,34,10,268,34
269,34,10,269,34
270,34,10,270,34
271,34,10,271,34
272,34,10,272,34
273,34,10,273,34
274,34,10,274,34
275,34,10,275,34
276,34,10,276,34
277,34,10,277,34
278,34,10,278,34
279,34,10,279,34
280,34,10,280,34
281,34,10,281,34
282,34,10,282,34
283,34,10,283,34
284,34,10,284,34
285,34,10,285,34
286,34,10,286,34
287,34,10,287,34
288,34,10,288,34
289,34,10,289,34
290,34,10,290,34
291,34,10,291,34
292,34,10,292,34
293,34,10,293,34
294,34,10,294,34
295,34,10,295,34
296,34,10,296,34
297,34,10,297,34
298,34,10,298,34
299,34,10,299,34
300,34,10,300,34
300,34,11,300,34
301,34,11,301,34
301,34,12,301,34
302,34,12,302,34
303,34,12,303,34
304,34,12,304,34
305,34,12,305,34
306,34,12,306,34
307,34,12,307,34
308,34,12,308,34
309,34,12,309,34
310,34,12,310,34
311,34,12,311,34
312,34,12,312,34
313,34,12,313,34
314,34,12,314,34
315,34,12,315,34
316,34,12,316,34
317,34,12,317,34
318,34,12,318,34
319,34,12,319,34
320,34,12,320,34
321,34,12,321,34
322,34,12,322,34
323,34,12,323,34
324,34,12,324,34
325,34,12,325,34
326,34,12,326,34
327,34,12,327,34
328,34,12,328,34
329,34,12,329,34
330,34,12,330,34
331,34,12,331,34
332,34,12,332,34
333,34,12,333,34
334,34,12,334,34
335,34,12,335,34
335,34,13,335,34
336,34,13,336,34
337,34,13,337,34
338,34,13,338,34
339,34,13,339,34
340,34,13,340,34
341,34,13,341,34
342,34,13,342,34
343,34,13,343,34
344,34,13,344,34
345,34,13,345,34
346,34,13,346,34
347,34,13,347,34
348,34,13,348,34
349,34,13,349,34
350,34,13,350,34
351,34,13,351,34
352,34,13,352,34
353,34,13,353,34
354,34,13,354,34
355,34,13,355,34
356,34,13,356,34
357,34,13,357,34
358,34,13,358,34
359,34,13,359,34
360,34,13,360,34
361,34,13,361,34
362,34,13,362,34
363,34,13,363,34
364,34,13,364,34
365,34,13,365,34
366,34,13,366,34
367,34,13,367,34
368,34,13,368,34
369,34,13,369,34
369,34,14,369,34
370,34,14,370,34
371,34,14,371,34
372,34,14,372,34
373,34,14,373,34
374,34,14,374,34
374,34,15,374,34
375,34,15,375,34
376,34,15,376,34
377,34,15,377,34
378,34,15,378,34
379,34,15,379,34
380,34,15,380,34
381,34,15,381,34
382,34,15,382,34
383,34,15,383,34
384,34,15,384,34
385,34,15,385,34
386,34,15,386,34
387,34,15,387,34
388,34,15,388,34
389,34,15,389,34
390,34,15,390,34
391,34,15,391,34
392,34,15,392,34
393,34,15,393,34
394,34,15,394,34
395,34,15,395,34
396,34,15,396,34
397,34,15,397,34
398,34,15,398,34
399,34,15,399,34
400,34,15,400,34
401,34,15,401,34
402,34,15,402,34
403,34,15,403,34
404,34,15,404,34
405,34,15,405,34
406,34,15,406,34
407,34,15,407,34
408,34,15,408,34
408,34,16,408,34
409,34,16,409,34
410,34,16,410,34
411,34,16,411,34
412,34,16,412,34
413,34,16,413,34
414,34,16,414,34
415,34,16,415,34
416,34,16,416,34
417,34,16,417,34
418,34,16,418,34
419,34,16,419,34
420,34,16,420,34
421,34,16,421,34
422,34,16,422,34
423,34,16,423,34
424,34,16,424,34
425,34,16,425,34
426,34,16,426,34
427,34,16,427,34
427,35,16,427,35
428,35,16,428,35
429,35,16,429,35
430,35,16,430,35
431,35,16,431,35
432,35,16,432,35
433,35,16,433,35
434,35,16,434,35
435,35,16,435,35
435,35,17,435,35
436,35,17,436,35
436,35,18,436,35
437,35,18,437,35
438,35,18,438,35
439,35,18,439,35
440,35,18,440,35
441,35,18,441,35
442,35,18,442,35
443,35,18,443,35
444,35,18,444,35
445,35,18,445,35
446,35,18,446,35
447,35,18,447,35
448,35,18,448,35
449,35,18,449,35
450,35,18,450,35
451,35,18,451,35
452,35,18,452,35
453,35,18,453,35
454,35,18,454,35
455,35,18,455,35
456,35,18,456,35
457,35,18,457,35
458,35,18,458,35
459,35,18,459,35
460,35,18,460,35
461,35,18,461,35
462,35,18,462,35
463,35,18,463,35
464,35,18,464,35
465,35,18,465,35
466,35,18,466,35
467,35,18,467,35
468,35,18,468,35
469,35,18,469,35
470,35,18,470,35
470,35,19,470,35
471,35,19,471,35
472,35,19,472,35
473,35,19,473,35
474,35,19,474,35
475,35,19,475,35
476,35,19,476,35
477,35,19,477,35
478,35,19,478,35
479,35,19,479,35
480,35,19,480,35
481,35,19,481,35
482,35,19,482,35
483,35,19,483,35
484,35,19,484,35
485,35,19,485,35
486,35,19,486,35
487,35,19,487,35
488,35,19,488,35
489,35,19,489,35
490,35,19,490,35
491,35,19,491,35
492,35,19,492,35
493,35,19,493,35
494,35,19,494,35
495,35,19,495,35
496,35,19,496,35
497,35,19,497,35
498,35,19,498,35
499,35,19,499,35
500,35,19,500,35
501,35,19,501,35
502,35,19,502,35
503,35,19,503,35
504,35,19,504,35
504,35,20,504,35
505,35,20,505,35
506,35,20,506,35
507,35,20,507,35
508,35,20,508,35
509,35,20,509,35
510,35,20,510,35
511,35,20,511,35
512,35,20,512,35
513,35,20,513,35
514,35,20,514,35
515,35,20,515,35
516,35,20,516,35
517,35,20,517,35
518,35,20,518,35
519,35,20,519,35
520,35,20,520,35
521,35,20,521,35
522,35,20,522,35
523,35,20,523,35
524,35,20,524,35
525,35,20,525,35
526,35,20,526,35
527,35,20,527,35
528,35,20,528,35
529,35,20,529,35
530,35,20,530,35
531,35,20,531,35
532,35,20,532,35
533,35,20,533,35
534,35,20,534,35
535,35,20,535,35
536,35,20,536,35
537,35,20,537,35
538,35,20,538,35
538,36,20,538,36
539,36,20,539,36
539,36,21,539,36
540,36,21,540,36
541,36,21,541,36
542,36,21,542,36
543,36,21,543,36
544,36,21,544,36
545,36,21,545,36
546,36,21,546,36
547,36,21,547,36
548,36,21,548,36
549,36,21,549,36
550,36,21,550,36
551,36,21,551,36
552,36,21,552,36
553,36,21,553,36
554,36,21,554,36
555,36,21,555,36
556,36,21,556,36
557,36,21,557,36
558,36,21,558,36
559,36,21,559,36
560,36,21,560,36
561,36,21,561,36
562,36,21,562,36
563,36,21,563,36
564,36,21,564,36
565,36,21,565,36
566,36,21,566,36
567,36,21,567,36
568,36,21,568,36
569,36,21,569,36
570,36,21,570,36
571,36,21,571,36
572,36,21,572,36
573,36,21,573,36
573,36,22,573,36
574,36,22,574,36
575,36,22,575,36
576,36,22,576,36
577,36,22,577,36
578,36,22,578,36
579,36,22,579,36
580,36,22,580,36
581,36,22,581,36
582,36,22,582,36
583,36,22,583,36
584,36,22,584,36
585,36,22,585,36
586,36,22,586,36
587,36,22,587,36
588,36,22,588,36
589,36,22,589,36
590,36,22,590,36
591,36,22,591,36
592,36,22,592,36
593,36,22,593,36
594,36,22,594,36
595,36,22,595,36
596,36,22,596,36
597,36,22,597,36
598,36,22,598,36
599,36,22,599,36
600,36,22,600,36
601,36,22,601,36
602,36,22,602,36
603,36,22,603,36
604,36,22,604,36
605,36,22,605,36
606,36,22,606,36
607,36,22,607,36
607,36,23,607,36
608,36,23,608,36
609,36,23,609,36
610,36,23,610,36
611,36,23,611,36
612,36,23,612,36
613,36,23,613,36
614,36,23,614,36
615,36,23,615,36
616,36,23,616,36
617,36,23,617,36
618,36,23,618,36
619,36,23,619,36
620,36,23,620,36
621,36,23,621,36
622,36,23,622,36
623,36,23,623,36
624,36,23,624,36
625,36,23,625,36
626,36,23,626,36
627,36,23,627,36
628,36,23,628,36
629,36,23,629,36
630,36,23,630,36
631,36,23,631,36
631,36,24,631,36
632,36,24,632,36
633,36,24,633,36
634,36,24,634,36
635,36,24,635,36
636,36,24,636,36
637,36,24,637,36
638,36,24,638,36
639,36,24,639,36
640,36,24,640,36
641,36,24,641,36
642,36,24,642,36
643,36,24,643,36
644,36,24,644,36
645,36,24,645,36
646,36,24,646,36
647,36,24,647,36
648,36,24,648,36
649,36,24,649,36
650,36,24,650,36
651,36,24,651,36
652,36,24,652,36
653,36,24,653,36
654,36,24,654,36
655,36,24,655,36
656,36,24,656,36
657,36,24,657,36
658,36,24,658,36
659,36,24,659,36
660,36,24,660,36
661,36,24,661,36
662,36,24,662,36
663,36,24,663,36
664,36,24,664,36
665,36,24,665,36
666,36,24,666,36
667,36,24,667,36
667,36,25,667,36
668,36,25,668,36
669,36,25,669,36
670,36,25,670,36
671,36,25,671,36
671,36,26,671,36
672,36,26,672,36
673,36,26,673,36
674,36,26,674,36
675,36,26,675,36
676,36,26,676,36
677,36,26,677,36
678,36,26,678,36
679,36,26,679,36
680,36,26,680,36
681,36,26,681,36
682,36,26,682,36
683,36,26,683,36
684,36,26,684,36
685,36,26,685,36
686,36,26,686,36
687,36,26,687,36
688,36,26,688,36
689,36,26,689,36
690,36,26,690,36
691,36,26,691,36
692,36,26,692,36
693,36,26,693,36
694,36,26,694,36
695,36,26,695,36
696,36,26,696,36
697,36,26,697,36
698,36,26,698,36
699,36,26,699,36
700,36,26,700,36
701,36,26,701,36
702,36,26,702,36
703,36,26,703,36
704,36,26,704,36
705,36,26,705,36
706,36,26,706,36
707,36,26,707,36
708,36,26,708,36
709,36,26,709,36
710,36,26,710,36
711,36,26,711,36
712,36,26,712,36
713,36,26,713,36
714,36,26,714,36
715,36,26,715,36
716,36,26,716,36
717,36,26,717,36
718,36,26,718,36
719,36,26,719,36
720,36,26,720,36
721,36,26,721,36
722,36,26,722,36
723,36,26,723,36
724,36,26,724,36
725,36,26,725,36
726,36,26,726,36
727,36,26,727,36
728,36,26,728,36
729,36,26,729,36
730,36,26,730,36
731,36,26,731,36
732,36,26,732,36
733,36,26,733,36
734,36,26,734,36
735,36,26,735,36
736,36,26,736,36
737,36,26,737,36
738,36,26,738,36
739,36,26,739,36
739,36,27,739,36
740,36,27,740,36
741,36,27,741,36
742,36,27,742,36
743,36,27,743,36
744,36,27,744,36
745,36,27,745,36
746,36,27,746,36
747,36,27,747,36
748,36,27,748,36
749,36,27,749,36
750,36,27,750,36
751,36,27,751,36
752,36,27,752,36
753,36,27,753,36
754,36,27,754,36
755,36,27,755,36
756,36,27,756,36
757,36,27,757,36
758,36,27,758,36
759,36,27,759,36
760,36,27,760,36
761,36,27,761,36
762,36,27,762,36
763,36,27,763,36
764,36,27,764,36
765,36,27,765,36
766,36,27,766,36
767,36,27,767,36
768,36,27,768,36
769,36,27,769,36
770,36,27,770,36
771,36,27,771,36
772,36,27,772,36
773,36,27,773,36
774,36,27,774,36
775,36,27,775,36
775,36,28,775,36
776,36,28,776,36
777,36,28,777,36
778,36,28,778,36
779,36,28,779,36
780,36,28,780,36
781,36,28,781,36
782,36,28,782,36
783,36,28,783,36
784,36,28,784,36
785,36,28,785,36
786,36,28,786,36
787,36,28,787,36
788,36,28,788,36
789,36,28,789,36
790,36,28,790,36
791,36,28,791,36
792,36,28,792,36
793,36,28,793,36
794,36,28,794,36
795,36,28,795,36
796,36,28,796,36
797,36,28,797,36
798,36,28,798,36
799,36,28,799,36
800,36,28,800,36
800,36,29,800,36
801,36,29,801,36
801,36,30,801,36
802,36,30,802,36
803,36,30,803,36
804,36,30,804,36
805,36,30,805,36
806,36,30,806,36
807,36,30,807,36
808,36,30,808,36
809,36,30,809,36
810,36,30,810,36
811,36,30,811,36
812,36,30,812,36
813,36,30,813,36
814,36,30,814,36
815,36,30,815,36
816,36,30,816,36
817,36,30,817,36
817,36,31,817,36
818,36,31,818,36
819,36,31,819,36
820,36,31,820,36
821,36,31,821,36
822,36,31,822,36
823,36,31,823,36
824,36,31,824,36
825,36,31,825,36
826,36,31,826,36
827,36,31,827,36
828,36,31,828,36
829,36,31,829,36
830,36,31,830,36
831,36,31,831,36
832,36,31,832,36
833,36,31,833,36
834,36,31,834,36
835,36,31,835,36
836,36,31,836,36
837,36,31,837,36
838,36,31,838,36
839,36,31,839,36
840,36,31,840,36
841,36,31,841,36
842,36,31,842,36
843,36,31,843,36
844,36,31,844,36
845,36,31,845,36
846,36,31,846,36
847,36,31,847,36
848,36,31,848,36
849,36,31,849,36
850,36,31,850,36
851,36,31,851,36
852,36,31,852,36
853,36,31,853,36
854,36,31,854,36
855,36,31,855,36
856,36,31,856,36
856,36,32,856,36
857,36,32,857,36
858,36,32,858,36
859,36,32,859,36
860,36,32,860,36
861,36,32,861,36
862,36,32,862,36
863,36,32,863,36
864,36,32,864,36
865,36,32,865,36
866,36,32,866,36
867,36,32,867,36
868,36,32,868,36
869,36,32,869,36
870,36,32,870,36
871,36,32,871,36
872,36,32,872,36
873,36,32,873,36
874,36,32,874,36
875,36,32,875,36
876,36,32,876,36
877,36,32,877,36
878,36,32,878,36
879,36,32,879,36
880,36,32,880,36
881,36,32,881,36
882,36,32,882,36
883,36,32,883,36
884,36,32,884,36
885,36,32,885,36
886,36,32,886,36
887,36,32,887,36
888,36,32,888,36
889,36,32,889,36
890,36,32,890,36
891,36,32,891,36
892,36,32,892,36
892,36,33,892,36
893,36,33,893,36
894,36,33,894,36
895,36,33,895,36
895,36,34,895,36
896,36,34,896,36
897,36,34,897,36
898,36,34,898,36
899,36,34,899,36
900,36,34,900,36
901,36,34,901,36
902,36,34,902,36
903,36,34,903,36
904,36,34,904,36
905,36,34,905,36
906,36,34,906,36
907,36,34,907,36
908,36,34,908,36
909,36,34,909,36
910,36,34,910,36
911,36,34,911,36
912,36,34,912,36
913,36,34,913,36
914,36,34,914,36
915,36,34,915,36
916,36,34,916,36
917,36,34,917,36
918,36,34,918,36
919,36,34,919,36
920,36,34,920,36
921,36,34,921,36
922,36,34,922,36
923,36,34,923,36
924,36,34,924,36
925,36,34,925,36
926,36,34,926,36
927,36,34,927,36
928,36,34,928,36
929,36,34,929,36
930,36,34,930,36
931,36,34,931,36
931,36,35,931,36
932,36,35,932,36
933,36,35,933,36
934,36,35,934,36
935,36,35,935,36
936,36,35,936,36
937,36,35,937,36
937,36,36,937,36
938,36,36,938,36
939,36,36,939,36
940,36,36,940,36
941,36,36,941,36
942,36,36,942,36
943,36,36,943,36
944,36,36,944,36
945,36,36,945,36
946,36,36,946,36
947,36,36,947,36
948,36,36,948,36
949,36,36,949,36
950,36,36,950,36
951,36,36,951,36
952,36,36,952,36
953,36,36,953,36
954,36,36,954,36
955,36,36,955,36
956,36,36,956,36
957,36,36,957,36
958,36,36,958,36
959,36,36,959,36
960,36,36,960,36
961,36,36,961,36
962,36,36,962,36
963,36,36,963,36
964,36,36,964,36
965,36,36,965,36
966,36,36,966,36
967,36,36,967,36
968,36,36,968,36
969,36,36,969,36
970,36,36,970,36
971,36,36,971,36
972,36,36,972,36
973,36,36,973,36
974,36,36,974,36
975,36,36,975,36
975,36,37,975,36
976,36,37,976,36
977,36,37,977,36
978,36,37,978,36
979,36,37,979,36
980,36,37,980,36
981,36,37,981,36
982,36,37,982,36
983,36,37,983,36
984,36,37,984,36
985,36,37,985,36
986,36,37,986,36
987,36,37,987,36
988,36,37,988,36
989,36,37,989,36
990,36,37,990,36
991,36,37,991,36
992,36,37,992,36
993,36,37,993,36
994,36,37,994,36
995,36,37,995,36
996,36,37,996,36
997,36,37,997,36
998,36,37,998,36
999,36,37,999,36
1000,36,37,1000,36
1001,36,37,1001,36
1002,36,37,1002,36
1003,36,37,1003,36
1004,36,37,1004,36
1005,36,37,1005,36
1006,36,37,1006,36
1007,36,37,1007,36
1008,36,37,1008,36
1009,36,37,1009,36
1010,36,37,1010,36
1011,36,37,1011,36
1011,36,38,1011,36
1012,36,38,1012,36
1012,36,39,1012,36
1013,36,39,1013,36
1014,36,39,1014,36
1014,36,40,1014,36
1015,36,40,1015,36
1016,36,40,1016,36
1016,36,41,1016,36
1017,36,41,1017,36
1018,36,41,1018,36
1019,36,41,1019,36
1020,36,41,1020,36
1021,36,41,1021,36
1022,36,41,1022,36
1023,36,41,1023,36
1024,36,41,1024,36
1025,36,41,1025,36
1026,36,41,1026,36
1027,36,41,1027,36
1028,36,41,1028,36
1029,36,41,1029,36
1029,37,41,1029,37
1030,37,41,1030,37
1031,37,41,1031,37
1032,37,41,1032,37
1033,37,41,1033,37
1034,37,41,1034,37
1035,37,41,1035,37
1036,37,41,1036,37
1037,37,41,1037,37
1038,37,41,1038,37
1039,37,41,1039,37
1040,37,41,1040,37
1041,37,41,1041,37
1042,37,41,1042,37
1043,37,41,1043,37
1044,37,41,1044,37
1045,37,41,1045,37
1046,37,41,1046,37
1046,37,42,1046,37
1047,37,42,1047,37
1048,37,42,1048,37
1049,37,42,1049,37
1050,37,42,1050,37
1051,37,42,1051,37
1052,37,42,1052,37
1053,37,42,1053,37
1054,37,42,1054,37
1055,37,42,1055,37
1056,37,42,1056,37
1057,37,42,1057,37
1058,37,42,1058,37
1059,37,42,1059,37
1060,37,42,1060,37
1061,37,42,1061,37
1062,37,42,1062,37
1063,37,42,1063,37
1064,37,42,1064,37
1065,37,42,1065,37
1066,37,42,1066,37
1067,37,42,1067,37
1068,37,42,1068,37
1069,37,42,1069,37
1070,37,42,1070,37
1071,37,42,1071,37
1072,37,42,1072,37
1073,37,42,1073,37
1074,37,42,1074,37
1075,37,42,1075,37
1076,37,42,1076,37
1077,37,42,1077,37
1078,37,42,1078,37
1079,37,42,1079,37
1080,37,42,1080,37
1081,37,42,1081,37
1082,37,42,1082,37
1083,37,42,1083,37
1084,37,42,1084,37
1085,37,42,1085,37
1086,37,42,1086,37
1087,37,42,1087,37
1088,37,42,1088,37
1089,37,42,1089,37
1090,37,42,1090,37
1091,37,42,1091,37
1092,37,42,1092,37
1093,37,42,1093,37
1094,37,42,1094,37
1095,37,42,1095,37
1096,37,42,1096,37
1097,37,42,1097,37
1098,37,42,1098,37
1099,37,42,1099,37
1100,37,42,1100,37
1101,37,42,1101,37
1102,37,42,1102,37
1103,37,42,1103,37
1104,37,42,1104,37
1105,37,42,1105,37
1106,37,42,1106,37
1107,37,42,1107,37
1108,37,42,1108,37
1109,37,42,1109,37
1110,37,42,1110,37
1111,37,42,1111,37
1112,37,42,1112,37
1113,37,42,1113,37
1114,37,42,1114,37
1115,37,42,1115,37
1116,37,42,1116,37
1117,37,42,1117,37
1118,37,42,1118,37
1119,37,42,1119,37
1120,37,42,1120,37
1121,37,42,1121,37
1122,37,42,1122,37
1123,37,42,1123,37
1124,37,42,1124,37
1125,37,42,1125,37
1126,37,42,1126,37
1127,37,42,1127,37
1128,37,42,1128,37
1129,37,42,1129,37
1130,37,42,1130,37
1131,37,42,1131,37
1132,37,42,1132,37
1133,37,42,1133,37
1134,37,42,1134,37
1135,37,42,1135,37
1136,37,42,1136,37
1137,37,42,1137,37
1138,37,42,1138,37
1139,37,42,1139,37
1140,37,42,1140,37
1141,37,42,1141,37
1142,37,42,1142,37
1143,37,42,1143,37
1144,37,42,1144,37
1145,37,42,1145,37
1146,37,42,1146,37
1147,37,42,1147,37
1148,37,42,1148,37
1149,37,42,1149,37
1150,37,42,1150,37
1151,37,42,1151,37
1152,37,42,1152,37
1153,37,42,1153,37
1154,37,42,1154,37
1155,37,42,1155,37
1156,37,42,1156,37
1157,37,42,1157,37
1158,37,42,1158,37
1159,37,42,1159,37
1160,37,42,1160,37
1161,37,42,1161,37
1162,37,42,1162,37
1163,37,42,1163,37
1164,37,42,1164,37
1165,37,42,1165,37
1166,37,42,1166,37
1167,37,42,1167,37
1168,37,42,1168,37
1169,37,42,1169,37
1170,37,42,1170,37
1171,37,42,1171,37
1172,37,42,1172,37
1173,37,42,1173,37
1174,37,42,1174,37
1175,37,42,1175,37
1176,37,42,1176,37
1177,37,42,1177,37
1178,37,42,1178,37
1179,37,42,1179,37
1180,37,42,1180,37
1180,37,43,1180,37
1181,37,43,1181,37
1182,37,43,1182,37
1182,37,44,1182,37
1183,37,44,1183,37
1184,37,44,1184,37
1185,37,44,1185,37
1186,37,44,1186,37
1187,37,44,1187,37
1188,37,44,1188,37
1189,37,44,1189,37
1190,37,44,1190,37
1191,37,44,1191,37
1192,37,44,1192,37
1193,37,44,1193,37
1194,37,44,1194,37
1195,37,44,1195,37
1196,37,44,1196,37
1197,37,44,1197,37
1198,37,44,1198,37
1199,37,44,1199,37
1200,37,44,1200,37
1201,37,44,1201,37
1202,37,44,1202,37
1203,37,44,1203,37
1204,37,44,1204,37
1205,37,44,1205,37
1206,37,44,1206,37
1207,37,44,1207,37
1208,37,44,1208,37
1209,37,44,1209,37
1210,37,44,1210,37
1210,37,45,1210,37
1211,37,45,1211,37
1212,37,45,1212,37
1213,37,45,1213,37
1214,37,45,1214,37
1215,37,45,1215,37
1216,37,45,1216,37
1217,37,45,1217,37
1218,37,45,1218,37
1219,37,45,1219,37
1220,37,45,1220,37
1221,37,45,1221,37
1222,37,45,1222,37
1223,37,45,1223,37
1224,37,45,1224,37
1225,37,45,1225,37
1226,37,45,1226,37
1227,37,45,1227,37
1228,37,45,1228,37
1229,37,45,1229,37
1230,37,45,1230,37
1231,37,45,1231,37
1232,37,45,1232,37
1233,37,45,1233,37
1234,37,45,1234,37
1235,37,45,1235,37
1236,37,45,1236,37
1237,37,45,1237,37
1238,37,45,1238,37
1239,37,45,1239,37
1240,37,45,1240,37
1241,37,45,1241,37
1242,37,45,1242,37
1243,37,45,1243,37
1244,37,45,1244,37
1245,37,45,1245,37
1246,37,45,1246,37
1247,37,45,1247,37
1247,37,46,1247,37
1248,37,46,1248,37
1249,37,46,1249,37
1250,37,46,1250,37
1251,37,46,1251,37
1252,37,46,1252,37
1253,37,46,1253,37
1254,37,46,1254,37
1255,37,46,1255,37
1256,37,46,1256,37
1257,37,46,1257,37
1258,37,46,1258,37
1259,37,46,1259,37
1260,37,46,1260,37
1261,37,46,1261,37
1262,37,46,1262,37
1263,37,46,1263,37
1264,37,46,1264,37
1265,37,46,1265,37
1266,37,46,1266,37
1267,37,46,1267,37
1268,37,46,1268,37
1269,37,46,1269,37
1270,37,46,1270,37
1271,37,46,1271,37
1272,37,46,1272,37
1273,37,46,1273,37
1274,37,46,1274,37
1275,37,46,1275,37
1276,37,46,1276,37
1277,37,46,1277,37
1278,37,46,1278,37
1279,37,46,1279,37
1280,37,46,1280,37
1281,37,46,1281,37
1282,37,46,1282,37
1283,37,46,1283,37
1284,37,46,1284,37
1285,37,46,1285,37
1286,37,46,1286,37
1287,37,46,1287,37
1287,37,47,1287,37
1288,37,47,1288,37
1288,37,48,1288,37
1289,37,48,1289,37
1289,37,49,1289,37
1290,37,49,1290,37
1291,37,49,1291,37
1292,37,49,1292,37
1293,37,49,1293,37
1294,37,49,1294,37
1295,37,49,1295,37
1296,37,49,1296,37
1297,37,49,1297,37
1298,37,49,1298,37
1299,37,49,1299,37
1300,37,49,1300,37
1301,37,49,1301,37
1301,37,50,1301,37
1302,37,50,1302,37
1303,37,50,1303,37
1304,37,50,1304,37
1305,37,50,1305,37
1306,37,50,1306,37
1307,37,50,1307,37
1308,37,50,1308,37
1309,37,50,1309,37
1310,37,50,1310,37
1311,37,50,1311,37
1312,37,50,1312,37
1313,37,50,1313,37
1314,37,50,1314,37
1315,37,50,1315,37
1316,37,50,1316,37
1317,37,50,1317,37
1318,37,50,1318,37
1319,37,50,1319,37
1320,37,50,1320,37
1321,37,50,1321,37
